"sex","period","year","estimate","lower","upper"
"male","42-120",2016,NA,NA,NA
"female","42-120",2016,8614.69252350805,5417.22572031503,12577.4481348011
"male","7-180",2016,NA,NA,NA
"female","7-180",2016,13037.3214936268,8557.53893404382,17864.686820774
