"sex","period","year","proportion","lower","upper"
"male","42-120",2016,NA,NA,NA
"female","42-120",2016,0.215796746043197,0.181138682445108,0.272783586789802
"male","7-180",2016,NA,NA,NA
"female","7-180",2016,0.326582933490239,0.286143019972827,0.387454855358408
"male","42-180",2016,NA,NA,NA
"female","42-180",2016,0.2680421219262,0.230443191539776,0.327126768109198
