"sex","period","year","estimate","lower","upper"
"male","42-120",2016,7709.08427494814,5637.28582010429,10279.7695493891
"female","42-120",2016,9691.71184298157,6380.50801044372,13850.855274081
"male","7-180",2016,12316.624393417,9255.03056038955,15755.2226657698
"female","7-180",2016,15176.9053177223,10405.3730369291,20825.6583460697
