"sex","period","year","proportion","lower","upper"
"male","42-120",2016,0.261289022783638,0.233952986393586,0.298071328613279
"female","42-120",2016,0.232499470446418,0.20067862014577,0.268012122250343
"male","7-180",2016,0.417455386005713,0.384093002885382,0.456837104180329
"female","7-180",2016,0.364086603744948,0.327267969844255,0.402973591171323
"male","42-180",2016,0.359233316296937,0.326790479976551,0.398072951206072
"female","42-180",2016,0.311961542348657,0.276688541611275,0.349906213710531
