"sex","period","year","estimate","lower","upper"
"male","42-120",2016,6355.7264104999,3104.85250310029,10257.6905449454
"female","42-120",2016,8831.6987680051,5545.47130813647,12914.666964346
"male","7-180",2016,9157.67158144252,4704.40827429115,14153.0339327206
"female","7-180",2016,13027.8927758634,8575.2631112992,17749.9148073911
