"stage","year","sex","estimate","lower","upper","percentprevious"
"infections",2015,"male",154923,150207,159639,NA
"infections",2015,"female",102322,99577,105067,NA
"notifications",2015,"male",28414,26594.2639931731,30501.0621198707,18.3407241016505
"notifications",2015,"female",42583,41585.609974868,43629.40852673,41.616661128594
"treated",2015,"male",26518.1412022,22605.1243941971,30501.0621198707,93.32773
"treated",2015,"female",39741.7472659,35347.7684786378,43629.40852673,93.32773
"retested",2015,"male",6734.294126776,4362.89170326935,10012.9586267169,25.395045887369
"retested",2015,"female",16103.4476310445,9409.03286265095,23586.7837804386,40.520230585991
